id,start_date,start_time,_type,end_date,end_time,primary_organizer_id,primary_organizer.name,name,summary,primary_venue.name,primary_venue.address.longitude,primary_venue.address.latitude,primary_venue.address.localized_address_display
160710368037,2022-05-24,09:00,destination_event,2022-05-24,17:00,33692434589,Up Skills,"PMP Certification Training in Indianapolis, IN",PMP Certification Training (Tuesday - Friday),Indianapolis,-86.1586119,39.7696748,"Business center/Hotel, Indianapolis, IN 46209"
165872397807,2022-05-25,09:00,destination_event,2022-05-25,17:00,33691800179,IcertPlanner LLC,"PMI-ACP Certification Training in Indianapolis, in",PMI-ACP (Agile Certified Practitioner) Certification course from PMI is conducted by experienced Agile expert instructors,"Indianapolis, IN",-86.1586119,39.7696748,"Business Center\Hotel, Indianapolis, IN, IN 46209"
173389431457,2022-05-24,09:00,destination_event,2022-05-24,17:00,34716887913,,"PMP Certification 4 Days Training in Indianapolis, IN",PMP Certification 4 Days Training,"Indianapolis, IN",-86.159345,39.7702698,"Regus Business Center, Indianapolis, IN, IN 46209"
167021163797,2022-06-03,11:00,destination_event,2022-06-03,14:00,30068395660,JobsOffice.org,#StartupMoves Virtual Job Fair / Career Expo #Startup #Founder#Indianapolis,Attend World's Largest Virtual Job Expo / Career Fair #Startup #Founder #Indianapolis at https://wertual.tao.ai/pod/startupmoves/jobfair,Indianapolis ,-86.158068,39.768403,"Virtual Event Only, Indianapolis , IN 46204"
169261268009,2022-05-27,09:00,destination_event,2022-05-27,17:00,33139519085,Reform Skills Inc,"Conflict Management Training In Muncie, IN",Conflict Management Training ( 1 day course ),Muncie,-86.1087848,39.9169508,"Regus Business Centre/Hotel, Muncie, IN 47302"
177855068297,2022-05-27,09:00,destination_event,2022-05-27,17:00,34125891697,Knowledge Torch,"Business Case Writing 1 Day Training in Indianapolis, in",Business Case Writing 1 Day Training,"Indianapolis, IN",-86.159345,39.7702698,"Regus Business Center, Indianapolis, IN, IN 46209"
179892833307,2022-05-27,09:00,destination_event,2022-05-27,17:00,18449909606,Educera INC,"Project Management Techniques Classroom  Training in Indianapolis, IN",Welcome to Educera! We thank you for visiting Educera Project Management Techniques Training training page.,Regus Business Centre,-86.1087848,39.9169508,"Regus Business Centre, Indianapolis, IN, IN 46077"
166044745303,2022-05-24,09:00,destination_event,2022-05-24,17:00,34125891697,Knowledge Torch,"PMP Certification Training in Indianapolis, IN",PMP 4 Days Certification Training,"Indianapolis, IN",-86.160095,39.769656,"Business Center, Indianapolis, IN, IN 46209"
169453081729,2022-05-24,09:00,destination_event,2022-05-24,17:00,33139519085,Reform Skills Inc,"Big Data and Hadoop Developer Training In Indianapolis, IN",Big Data and Hadoop Developer Certification Training ( 4 Day Training ),Indianapolis,-86.1087848,39.9169508,"Regus Business Centre/Hotel, Indianapolis, IN 46077"
188096249947,2022-05-24,09:00,destination_event,2022-05-24,17:00,33139519085,Reform Skills Inc,"Tableau Certification Training in Bloomington, IN",Tableau Certification Training (Tuesday – Friday),Bloomington,-86.159345,39.7702698,"regus Bussiness Centre/Hotel, Bloomington, IN 47401"
161859541245,2022-05-26,09:00,destination_event,2022-05-26,17:00,33692434589,Up Skills,"ITIL Foundation Certification Training in Indianapolis, IN",ITIL 2 Days Certification Training,"Indianapolis, IN",-86.1586119,39.7696748,"Business Center\Hotel, Indianapolis, IN, IN 46209"
161439675415,2022-05-24,09:00,destination_event,2022-05-24,17:00,33692434589,Up Skills,"CAPM Certification Training in Indianapolis, in",CAPM 4 Days Certification Training,"Indianapolis, IN",-86.1586119,39.7696748,"Business Center\Hotel, Indianapolis, IN, IN 46209"
174491086537,2022-05-24,09:00,destination_event,2022-05-24,17:00,26924439953,Certification-Guide Inc,"Project Management Professional certification training in Indianapolis, IN","4 days PMP training from Certification Guide is a unique, power packed, blended mode, career-ready package and one of a kind in the industry","Indianapolis, IN",-86.159345,39.7702698,"Business Hotel / Regus Business Centre, Indianapolis, IN 46204"
162239345249,2022-05-24,09:00,destination_event,2022-05-24,17:00,33692434589,Up Skills,"Lean Six Sigma Black Belt Certification Training in Indianapolis, IN",Lean Six Sigma Black Belt 4 Days Certification Training,"Indianapolis, IN",-86.1586119,39.7696748,"Business Center\Hotel, Indianapolis, IN, IN 46209"
166048659009,2022-05-24,09:00,destination_event,2022-05-24,17:00,33139519085,Reform Skills Inc,"DevOps Certification Training In Indianapolis, IN",DevOps Certification Training (Tuesday – Friday),Indianapolis,-86.1087848,39.9169508,"Regus Business Centre/Hotel, Indianapolis, IN 46077"
164125005309,2022-05-26,09:00,destination_event,2022-05-26,17:00,33692434589,Up Skills,"CSM Certification Training in Indianapolis, IN",Certified Scrum Master® (CSM)   Certification 2 Days Training,"Indianapolis, IN",-86.1586119,39.7696748,"Business Center\Hotel, Indianapolis, IN, IN 46209"
167413495271,2022-05-24,09:00,destination_event,2022-05-24,17:00,34125891697,Knowledge Torch,"Lean Six Sigma Black Belt 4 Days Training in Indianapolis, IN",Lean Six Sigma Black Belt Certification 4 Days Training,"Indianapolis, IN",-86.159345,39.7702698,"Regus Business Center, Indianapolis, IN, IN 46209"
165747197329,2022-05-24,09:00,destination_event,2022-05-24,17:00,33692434589,Up Skills,"Big Data And Hadoop Training in Indianapolis, in",Big Data And Hadoop Certification 4 Days Training,"Indianapolis, IN",-86.1586119,39.7696748,"Business Center\Hotel, Indianapolis, IN, IN 46209"
168252926031,2022-05-26,09:00,destination_event,2022-05-26,17:00,33139519085,Reform Skills Inc,"CSM Certification Training In Indianapolis, IN",Certified ScrumMaster (CSM) - Become an exceptional Scrum Master with real-time Scrum activities and simulations ( 2-day  Training ),Indianapolis,-86.1087848,39.9169508,"Regus Business Centre/Hotel, Indianapolis, IN 46077"
170902171997,2022-05-27,09:00,destination_event,2022-05-27,17:00,34125891697,Knowledge Torch,"Conflict Management 1 Day Certification Training in Indianapolis, in",Conflict Management 1 Day Certification Training,"Indianapolis, IN",-86.159345,39.7702698,"Regus Business Center, Indianapolis, IN, IN 46209"
161439675415,2022-05-24,09:00,destination_event,2022-05-24,17:00,33692434589,Up Skills,"CAPM Certification Training in Indianapolis, in",CAPM 4 Days Certification Training,"Indianapolis, IN",-86.1586119,39.7696748,"Business Center\Hotel, Indianapolis, IN, IN 46209"
166034994137,2022-05-24,09:00,destination_event,2022-05-24,17:00,33139519085,Reform Skills Inc,"DevOps Certification Training In Bloomington, IN",DevOps Certification Training (Tuesday – Friday),Bloomington,-86.159345,39.7702698,"Regus Business Centre/Hotel, Bloomington, IN 47401"
157574869677,2022-05-24,09:00,destination_event,2022-05-24,17:00,33236948349,Knowledge Torch,"Devops Certification Training in Indianapolis, in",DevOps Certification Training,"Indianapolis, IN",-86.160095,39.769656,"Business Center, Indianapolis, IN, IN 46209"
164125005309,2022-05-26,09:00,destination_event,2022-05-26,17:00,33692434589,Up Skills,"CSM Certification Training in Indianapolis, IN",Certified Scrum Master® (CSM)   Certification 2 Days Training,"Indianapolis, IN",-86.1586119,39.7696748,"Business Center\Hotel, Indianapolis, IN, IN 46209"
168377633033,2022-05-24,09:00,destination_event,2022-05-24,17:00,34125891697,Knowledge Torch,"CAPM Certification 4 Days Training in Indianapolis, in",CAPM Certification 4 Days Training,"Indianapolis, IN",-86.159345,39.7702698,"Regus Business Center, Indianapolis, IN, IN 46209"
161292753969,2022-05-24,09:00,destination_event,2022-05-24,17:00,33692434589,Up Skills,"Lean Six Sigma Green Belt Certification Training in Indianapolis, IN",4 Days Lean Sig sigma Greenbelt Certification Training,"Indianapolis, IN",-86.1586119,39.7696748,"Business Center/Hotel, Indianapolis, IN, IN 46209"
179968529717,2022-05-27,09:00,destination_event,2022-05-27,17:00,18449909606,Educera INC,"Project Management Techniques Classroom  Training in Kokomo, IN",Welcome to Educera! We thank you for visiting Educera Project Management Techniques Training training page.,Regus Business Centre,-86.159345,39.7702698,"Regus Business Centre, Kokomo, IN, IN 46901"
164090243335,2022-05-24,09:00,destination_event,2022-05-24,17:00,33691800179,IcertPlanner LLC,"Lean Six Sigma Green Belt Certification Training in Indianapolis, IN",Lean Six Sigma Green Belt 4 Days Certification Training,"Indianapolis, IN",-86.1586119,39.7696748,"Business Center/Hotel, Indianapolis, IN, IN 46209"
158690779393,2022-05-25,09:00,destination_event,2022-05-25,17:00,33236948349,Knowledge Torch,"PgMP Certification Training in Indianapolis, in",PgMP  3 Days Certification Training,"Indianapolis, IN",-86.159345,39.7702698,"Regus Business Centre/Hotel, Indianapolis, IN, IN 46209"
189420390487,2022-05-24,09:00,destination_event,2022-05-24,17:00,33139519085,Reform Skills Inc,"Tableau Certification Training in Indianapolis, IN",Tableau Certification Training (Tuesday – Friday),Indianapolis,-86.159345,39.7702698,"Ragus Business Center, Indianapolis, IN 46077"
170902171997,2022-05-27,09:00,destination_event,2022-05-27,17:00,34125891697,Knowledge Torch,"Conflict Management 1 Day Certification Training in Indianapolis, in",Conflict Management 1 Day Certification Training,"Indianapolis, IN",-86.159345,39.7702698,"Regus Business Center, Indianapolis, IN, IN 46209"
174491086537,2022-05-24,09:00,destination_event,2022-05-24,17:00,26924439953,Certification-Guide Inc,"Project Management Professional certification training in Indianapolis, IN","4 days PMP training from Certification Guide is a unique, power packed, blended mode, career-ready package and one of a kind in the industry","Indianapolis, IN",-86.159345,39.7702698,"Business Hotel / Regus Business Centre, Indianapolis, IN 46204"
165747197329,2022-05-24,09:00,destination_event,2022-05-24,17:00,33692434589,Up Skills,"Big Data And Hadoop Training in Indianapolis, in",Big Data And Hadoop Certification 4 Days Training,"Indianapolis, IN",-86.1586119,39.7696748,"Business Center\Hotel, Indianapolis, IN, IN 46209"
177855068297,2022-05-27,09:00,destination_event,2022-05-27,17:00,34125891697,Knowledge Torch,"Business Case Writing 1 Day Training in Indianapolis, in",Business Case Writing 1 Day Training,"Indianapolis, IN",-86.159345,39.7702698,"Regus Business Center, Indianapolis, IN, IN 46209"
161859541245,2022-05-26,09:00,destination_event,2022-05-26,17:00,33692434589,Up Skills,"ITIL Foundation Certification Training in Indianapolis, IN",ITIL 2 Days Certification Training,"Indianapolis, IN",-86.1586119,39.7696748,"Business Center\Hotel, Indianapolis, IN, IN 46209"
162239345249,2022-05-24,09:00,destination_event,2022-05-24,17:00,33692434589,Up Skills,"Lean Six Sigma Black Belt Certification Training in Indianapolis, IN",Lean Six Sigma Black Belt 4 Days Certification Training,"Indianapolis, IN",-86.1586119,39.7696748,"Business Center\Hotel, Indianapolis, IN, IN 46209"
166044745303,2022-05-24,09:00,destination_event,2022-05-24,17:00,34125891697,Knowledge Torch,"PMP Certification Training in Indianapolis, IN",PMP 4 Days Certification Training,"Indianapolis, IN",-86.160095,39.769656,"Business Center, Indianapolis, IN, IN 46209"
156844489089,2022-05-24,09:00,destination_event,2022-05-24,17:00,33236948349,Knowledge Torch,"Salesforce ADM 201 Certification Training in Indianapolis, in",Salesforce Admin 201 and App Builder 4 days Classroom Training ( Tue - Fri ),"Indianapolis, IN",-86.160095,39.769656,"Business Center, Indianapolis, IN, IN 46209"
144417754391,2022-05-24,09:00,destination_event,2022-05-24,17:00,32651446325,Instil-Learning,"Dual Lean Six Sigma Green & Black Belt Training in Indianapolis, IN",Dual Lean Six Sigma Green & Black Belt 4 Days Certification Training Offered by Master/Black Belt Certified Instructor,"Indianapolis, IN",-86.10166989999999,39.9173071,"Regus Business Centre/Hotel, Indianapolis, IN 46077"
154789835565,2022-05-24,09:00,destination_event,2022-05-24,17:00,33236948349,Knowledge Torch,"CAPM Class Room Training in Indianapolis, in",CAPM 4 Days  Online And In person  Training,"Indianapolis, IN",-86.10166989999999,39.9173071,"Regus Business Centre, Indianapolis, IN, IN 46209"
163600199601,2022-05-24,09:00,destination_event,2022-05-24,17:00,33692434589,Up Skills,"PMI-ACP Certification Training in Indianapolis, in",PMI-ACP (Agile Certified Practitioner) Certification course from PMI is conducted by experienced Agile expert instructors,"Indianapolis, IN",-86.1586119,39.7696748,"Business Center\Hotel, Indianapolis, IN, IN 46209"
156201369501,2022-05-27,09:00,destination_event,2022-05-27,17:00,33236948349,Knowledge Torch,"Conflict Management Certification Training in Indianapolis, in",Conflict Management Training By Industry Expert,"Indianapolis, IN",-86.160095,39.769656,"Business Center, Indianapolis, IN, IN 46209"
131981776045,2022-06-03,11:00,destination_event,2022-06-03,14:00,30068395660,JobsOffice.org,#ConstructionHires Virtual Job Fair / Career Expo Event #Indianapolis,Attend World's Largest Virtual Job Expo/Career Fair #ConstructionHires #Indianapolis at https://wertual.tao.ai/pod/constructionhires/jobfair,Indianapolis,-86.158068,39.768403,"Virtual Event Only, Indianapolis, IN"
189430159707,2022-05-24,09:00,destination_event,2022-05-27,17:00,18449909606,Educera INC,"Devops Classroom Training in Indianapolis, IN",Welcome to Educera! We thank you for visiting Educera Devops training page.,"Indianapolis, IN",-86.159345,39.7702698,"Regus Business Center, Indianapolis, IN, IN 46077"
163652600333,2022-05-18,12:00,destination_event,2022-05-18,13:00,31247541303,Lakshman Singh,Stock Market : Options Trading Profit Strategies,Join This Stock Market Options Trading Profit Strategies Program Today !,Indianapolis,-86.1395598,39.829875,"Online (Virtual), Indianapolis, IN 46205"
191625806947,2022-05-24,09:00,destination_event,2022-05-27,17:00,23233802072,VistaEdutech,"Data Science Classroom  Training in Indianapolis, IN","Vistadedutech’s Data Science course helps you gain expertise in Machine Learning Algorithms like K-Means Clustering, Decision Trees, Random","Indianapolis, IN",-86.1087848,39.9169508,"Regus Business Centre, Indianapolis, IN, IN 46077"
147159170039,2022-05-24,09:00,destination_event,2022-05-24,17:00,32651446325,Instil-Learning,"Lean Six Sigma Black Belt Certification Training In Indianapolis, IN",Lean Six Sigma Black Belt course by experienced LSS Master Black Belt instructors,"Indianapolis, IN",-86.15047349999999,39.9283129,"Regus Business Centre/Hotel, Indianapolis, IN 46077"
147118309825,2022-05-26,09:00,destination_event,2022-05-26,17:00,32651446325,Instil-Learning,"Certified Scrum Product Owner (CSPO) Training In Indianapolis, IN",Certified Scrum Product Owner (CSPO) Training,"Indianapolis, IN",-86.15047349999999,39.9283129,"Regus Business Centre/Hotel, Indianapolis, IN 46077"
145055309335,2022-05-24,09:00,destination_event,2022-05-24,17:00,32651446325,Instil-Learning,"Data Science Certification Training In Indianapolis, IN","This course helps you gain expertise in Machine Learning Algorithms like K-Means Clustering, Decision Trees, Random Forest and Naive using R","Indianapolis, IN",-86.15047349999999,39.9283129,"Regus Business Centre/Hotel, Indianapolis, IN 46077"
146559995893,2022-05-27,09:00,destination_event,2022-05-27,17:00,32651446325,Instil-Learning,"Agile & Scrum certification Training In Indianapolis, IN",Agile & Scrum  Certification Training by Industry Expert,"Indianapolis, IN",-86.15047349999999,39.9283129,"Regus Business Centre/Hotel, Indianapolis, IN 46077"
145735098603,2022-05-26,09:00,destination_event,2022-05-26,17:00,32651446325,Instil-Learning,"ITIL v4 Foundation certification Training In Indianapolis, IN",ITIL v4 Foundation Training latest version of ITIL certification,"Indianapolis, IN",-86.15047349999999,39.9283129,"Regus Business Centre/Hotel, Indianapolis, IN 46077"
146790812271,2022-05-25,09:00,destination_event,2022-05-25,17:00,32651446325,Instil-Learning,"PMI-ACP Certification Training In Indianapolis, IN",PMI-ACP (Agile Certified Practitioner) Certification course from PMI is conducted by experienced Agile expert instructors,"Indianapolis, IN",-86.15047349999999,39.9283129,"Regus Business Centre/Hotel, Indianapolis, IN 46077"
146913872347,2022-05-24,09:00,destination_event,2022-05-24,17:00,32651446325,Instil-Learning,"Lean Six Sigma Green Belt Certification Training In Indianapolis, IN",Lean Six Sigma Green Belt Training - Boost your preparation with customized study material and proven practice tests that prepares you.,"Indianapolis, IN",-86.15047349999999,39.9283129,"Regus Business Centre/Hotel, Indianapolis, IN 46077"
145658537607,2022-05-24,09:00,destination_event,2022-05-24,12:00,32651446325,Instil-Learning,"Big Data and Hadoop Developer Training In Indianapolis, IN",Big Data and Hadoop Developer Certification Training,"Indianapolis, IN",-86.15047349999999,39.9283129,"Regus Business Centre/Hotel, Indianapolis, IN 46077"
147804863325,2022-05-25,09:00,destination_event,2022-05-25,17:00,32651446325,Instil-Learning,"PgMp Certification Training In Indianapolis, IN",PgMP Certification Training,"Indianapolis, IN",-86.15047349999999,39.9283129,"Regus Business Centre/Hotel, Indianapolis, IN 46077"
145492587245,2022-05-24,09:00,destination_event,2022-05-24,17:00,32651446325,Instil-Learning,"Salesforce Admin 201 and App Builder Training In Indianapolis, IN",Salesforce Admin 201 and App Builder - Topics such as SFDC Data Mode,"Indianapolis, IN",-86.15047349999999,39.9283129,"Regus Business Centre/Hotel, Indianapolis, IN 46077"
147751768517,2022-05-24,09:00,destination_event,2022-05-24,17:00,32651446325,Instil-Learning,"CAPM Certification Training In Indianapolis, IN",Certified Associate Project Management (CAPM) certification  Training,"Indianapolis, IN",-86.15047349999999,39.9283129,"Regus Business Centre/Hotel, Indianapolis, IN 46077"
145886838461,2022-05-24,09:00,destination_event,2022-05-24,17:00,32651446325,Instil-Learning,"DevOps certification Training In Indianapolis, IN",DevOps Certification Training,"Indianapolis, IN",-86.15047349999999,39.9283129,"Regus Business Centre/Hotel, Indianapolis, IN 46077"
146328030077,2022-05-24,09:00,destination_event,2022-05-24,17:00,32651446325,Instil-Learning,"Tableau certification Training In Indianapolis, IN",Tableau Certification Training,"Indianapolis, IN",-86.15047349999999,39.9283129,"Regus Business Centre/Hotel, Indianapolis, IN 46077"
146963051443,2022-05-25,09:00,destination_event,2022-05-25,17:00,32651446325,Instil-Learning,"Risk Management Professional (RMP) Training In Indianapolis, IN",Risk Management Professional (RMP) certification Training,"Indianapolis, IN",-86.15047349999999,39.9283129,"Regus Business Centre/Hotel, Indianapolis, IN 46077"
146383618343,2022-05-25,09:00,destination_event,2022-05-25,17:00,32651446325,Instil-Learning,"Data Analytics certification Training In Indianapolis, IN",Data Analytics Certification Training,"Indianapolis, IN",-86.15047349999999,39.9283129,"Regus Business Centre/Hotel, Indianapolis, IN 46077"
167001900179,2022-05-16,18:30,destination_event,2022-05-16,20:00,5970866527,Judy Harris-Van Dyke,"""Become a Home-Based Travel Agent"" Indianapolis, IN","It's time to make your ""Passion your Paycheck""!",Homewood Suites by Hilton Indianapolis Northwest,-86.23151239999999,39.9228633,"4140 West 94th Street, Indianapolis, IN 46268"
184875506617,2022-05-20,09:00,destination_event,2022-05-20,17:00,12695726318,Mangates,"Workplace Reflective Practice 1 Day Training in Indianapolis, IN",Our classroom training provides you the opportunity to interact with instructors and benefit from face-to-face instruction.,"Regus - Indiana, Indianapolis - The Precedent",-86.1008598,39.924845,"9465 Counselors Row Washington Township, Suite 200, Indianapolis, IL 46240"
179935791797,2022-05-16,09:00,destination_event,2022-05-16,17:00,12695726318,Mangates,"Absence Management 1 Day Training in Indianapolis, IN",Our classroom training provides you the opportunity to interact with instructors and benefit from face-to-face instruction.,"Regus - Indiana, Indianapolis - The Precedent",-86.1008598,39.924845,"9465 Counselors Row Washington Township, Suite 200, Indianapolis, IN 46240"
180014868317,2022-05-18,21:00,destination_event,2022-05-19,19:00,12695726318,Mangates,"AgileSHIFT 1 Day Training in Indianapolis, IN",Our classroom training provides you the opportunity to interact with instructors and benefit from face-to-face instruction.,"Regus - Indiana, Indianapolis - The Precedent",-86.1008598,39.924845,"9465 Counselors Row Washington Township, Suite 200, Indianapolis, IN 46240"
190922443167,2022-05-18,09:00,destination_event,2022-05-18,17:00,12695726318,Mangates,"Manager Management 1 Day Training in Indianapolis, IN",Our classroom training provides you the opportunity to interact with instructors and benefit from face-to-face instruction.,"Regus - Indiana, Indianapolis - The Precedent",-86.1008598,39.924845,"9465 Counselors Row Washington Township, Suite 200, Indianapolis, IN 46240"
186599573347,2022-05-20,09:00,destination_event,2022-05-20,17:00,12695726318,Mangates,"Business Networking 1 Day Training in Indianapolis, IN",Our classroom training provides you the opportunity to interact with instructors and benefit from face-to-face instruction.,"Regus - Indiana, Indianapolis - The Precedent",-86.1008598,39.924845,"9465 Counselors Row Washington Township, Suite 200, Indianapolis, IN 46240"
187612232237,2022-05-20,09:00,destination_event,2022-05-20,17:00,12695726318,Mangates,"Communication Skills 1 Day Training in Indianapolis, IN",Our classroom training provides you the opportunity to interact with instructors and benefit from face-to-face instruction.,"Regus - Indiana, Indianapolis - The Precedent",-86.1009742,39.9249343,"9465 Counselors Row Washington Township, Suite 200, Indianapolis, IN 46240"
190848251257,2022-05-16,09:00,destination_event,2022-05-16,17:00,12695726318,Mangates,"COBIT 5 And ITIL 1 Day Training in Indianapolis, IN",Our classroom training provides you the opportunity to interact with instructors and benefit from face-to-face instruction.,"Regus - Indiana, Indianapolis - The Precedent",-86.1009742,39.9249343,"9465 Counselors Row Washington Township, Suite 200, Indianapolis, IN 46240"
183498608277,2022-05-16,09:00,destination_event,2022-05-16,17:00,12695726318,Mangates,"Agile and Scrum1 Day Training in Indianapolis, IN",Our classroom training provides you the opportunity to interact with instructors and benefit from face-to-face instruction.,"Regus - Indiana, Indianapolis - The Precedent",-86.1009742,39.9249343,"9465 Counselors Row Washington Township, Suite 200, Indianapolis, IN 46240"
180998981827,2022-05-20,09:00,destination_event,2022-05-20,17:00,12695726318,Mangates,"10 Soft Skills You Need 1 Day Training in Indianapolis, IN",Our classroom training provides you the opportunity to interact with instructors and benefit from face-to-face instruction.,"Regus - Indiana, Indianapolis - The Precedent",-86.10095799999999,39.9249699,"9465 Counselors Row Washington Township, Suite 200 Address 2, Indianapolis, IN 46240"
179996362967,2022-05-20,09:00,destination_event,2022-05-20,17:00,12695726318,Mangates,"Stakeholder Management 1 Day Training in Indianapolis, IN",Our classroom training provides you the opportunity to interact with instructors and benefit from face-to-face instruction.,"Regus - Indiana, Indianapolis - The Precedent",-86.10077419999999,39.9249883,"9465 Counselors Row Washington Township, Suite 200, Indianapolis, IN 46240"
185782569667,2022-05-20,09:00,destination_event,2022-05-20,17:00,12695726318,Mangates,"Practical Sales Skills 1 Day Training in Indianapolis, IN",Our classroom training provides you the opportunity to interact with instructors and benefit from face-to-face instruction.,"Regus - Indiana, Indianapolis - The Precedent",-86.10077419999999,39.9249883,"9465 Counselors Row Washington Township, Suite 200, Indianapolis, IN 46240"
180933596257,2022-05-20,09:00,destination_event,2022-05-20,17:00,12695726318,Mangates,"Interview Skills 1 Day Training in Indianapolis, IN",Our classroom training provides you the opportunity to interact with instructors and benefit from face-to-face instruction.,"Regus - Indiana, Indianapolis - The Precedent",-86.10077419999999,39.9249883,"9465 Counselors Row Washington Township, Suite 200, Indianapolis, IN 46240"
181019392877,2022-05-20,09:00,destination_event,2022-05-20,17:00,12695726318,Mangates,"Managing a Virtual Team 1 Day Training in Indianapolis, IN",Our classroom training provides you the opportunity to interact with instructors and benefit from face-to-face instruction.,"Regus - Indiana, Indianapolis - The Precedent",-86.10077419999999,39.9249883,"9465 Counselors Row Washington Township, Suite 200, Indianapolis, IN 46240"
189561201657,2022-05-20,09:00,destination_event,2022-05-20,17:00,12695726318,Mangates,"Report Writing 1 Day Training in Indianapolis, IN",Our classroom training provides you the opportunity to interact with instructors and benefit from face-to-face instruction.,"Regus - Indiana, Indianapolis - The Precedent",-86.10077419999999,39.9249883,"9465 Counselors Row Washington Township, Suite 200, Indianapolis, IN 46240"
187579323807,2022-05-20,09:00,destination_event,2022-05-20,17:00,12695726318,Mangates,"Business Presentations 1 Day Training in Indianapolis, IN",Our classroom training provides you the opportunity to interact with instructors and benefit from face-to-face instruction.,"Regus - Indiana, Indianapolis - The Precedent",-86.10077419999999,39.9249883,"9465 Counselors Row Washington Township, Suite 200, Indianapolis, IN 46240"
190874249017,2022-05-20,09:00,destination_event,2022-05-20,17:00,12695726318,Mangates,"Time Management 1 Day Training in Indianapolis, IN",Our classroom training provides you the opportunity to interact with instructors and benefit from face-to-face instruction.,"Regus - Indiana, Indianapolis - The Precedent",-86.10077419999999,39.9249883,"9465 Counselors Row Washington Township, Suite 200, Indianapolis, IN 46240"
178576496107,2022-05-18,09:00,destination_event,2022-05-18,17:00,12695726318,Mangates,"SDN Overview 1 Day Training in Indianapolis, IN",Our classroom training provides you the opportunity to interact with instructors and benefit from face-to-face instruction.,"Regus - Indiana, Indianapolis - The Precedent",-86.10077419999999,39.9249883,"9465 Counselors Row Washington Township, Suite 200, Indianapolis, IN 46240"
180708402697,2022-05-20,09:00,destination_event,2022-05-20,17:00,12695726318,Mangates,"Business Ethics 1 Day Training in Indianapolis, IN",Our classroom training provides you the opportunity to interact with instructors and benefit from face-to-face instruction.,"Regus - Indiana, Indianapolis - The Precedent",-86.10077419999999,39.9249883,"9465 Counselors Row Washington Township, Suite 200, Indianapolis, IN 46240"
189561201657,2022-05-20,09:00,destination_event,2022-05-20,17:00,12695726318,Mangates,"Report Writing 1 Day Training in Indianapolis, IN",Our classroom training provides you the opportunity to interact with instructors and benefit from face-to-face instruction.,"Regus - Indiana, Indianapolis - The Precedent",-86.10077419999999,39.9249883,"9465 Counselors Row Washington Township, Suite 200, Indianapolis, IN 46240"
180708402697,2022-05-20,09:00,destination_event,2022-05-20,17:00,12695726318,Mangates,"Business Ethics 1 Day Training in Indianapolis, IN",Our classroom training provides you the opportunity to interact with instructors and benefit from face-to-face instruction.,"Regus - Indiana, Indianapolis - The Precedent",-86.10077419999999,39.9249883,"9465 Counselors Row Washington Township, Suite 200, Indianapolis, IN 46240"
184831645427,2022-05-20,09:00,destination_event,2022-05-20,17:00,12695726318,Mangates,"Introduction To Agile 1 Day Training in Indianapolis, IN",Our classroom training provides you the opportunity to interact with instructors and benefit from face-to-face instruction.,"Regus - Indiana, Indianapolis - The Precedent",-86.10077419999999,39.9249883,"9465 Counselors Row Washington Township, Suite 200, Indianapolis, IN 46240"
185782569667,2022-05-20,09:00,destination_event,2022-05-20,17:00,12695726318,Mangates,"Practical Sales Skills 1 Day Training in Indianapolis, IN",Our classroom training provides you the opportunity to interact with instructors and benefit from face-to-face instruction.,"Regus - Indiana, Indianapolis - The Precedent",-86.10077419999999,39.9249883,"9465 Counselors Row Washington Township, Suite 200, Indianapolis, IN 46240"
189516708577,2022-05-18,09:00,destination_event,2022-05-18,17:00,12695726318,Mangates,"Knowledge Management 1 Day Training in Indianapolis, IN",Our classroom training provides you the opportunity to interact with instructors and benefit from face-to-face instruction.,"Regus - Indiana, Indianapolis - The Precedent",-86.10077419999999,39.9249883,"9465 Counselors Row Washington Township, Suite 200, Indianapolis, IN 46240"
178576496107,2022-05-18,09:00,destination_event,2022-05-18,17:00,12695726318,Mangates,"SDN Overview 1 Day Training in Indianapolis, IN",Our classroom training provides you the opportunity to interact with instructors and benefit from face-to-face instruction.,"Regus - Indiana, Indianapolis - The Precedent",-86.10077419999999,39.9249883,"9465 Counselors Row Washington Township, Suite 200, Indianapolis, IN 46240"
181019392877,2022-05-20,09:00,destination_event,2022-05-20,17:00,12695726318,Mangates,"Managing a Virtual Team 1 Day Training in Indianapolis, IN",Our classroom training provides you the opportunity to interact with instructors and benefit from face-to-face instruction.,"Regus - Indiana, Indianapolis - The Precedent",-86.10077419999999,39.9249883,"9465 Counselors Row Washington Township, Suite 200, Indianapolis, IN 46240"
180933596257,2022-05-20,09:00,destination_event,2022-05-20,17:00,12695726318,Mangates,"Interview Skills 1 Day Training in Indianapolis, IN",Our classroom training provides you the opportunity to interact with instructors and benefit from face-to-face instruction.,"Regus - Indiana, Indianapolis - The Precedent",-86.10077419999999,39.9249883,"9465 Counselors Row Washington Township, Suite 200, Indianapolis, IN 46240"
186912068027,2022-06-03,08:30,destination_event,2022-06-03,09:00,2185094335,Benjamin Harrison Presidential Site,Coffee with the Curator 2022,"If you love coffee and a good dose of history, you've come to the right place!  Our monthly First Friday program, Coffee with the Curator.",Benjamin Harrison Presidential Site,-86.1544065,39.7840906,"1230 North Delaware Street, Indianapolis, IN 46202"
133974462223,2022-06-03,11:00,destination_event,2022-06-03,14:00,30068395660,JobsOffice.org,#TransitHires Virtual Job Fair / Career Expo Event #Indianapolis,Attend World's Largest Virtual Job Expo / Career Fair #TransitHires #Indianapolis at https://wertual.tao.ai/pod/transithires/jobfair,Indianapolis,-86.158068,39.768403,"Virtual Event Only, Indianapolis, IN"
131959040041,2022-06-03,11:00,destination_event,2022-06-03,14:00,30068395660,JobsOffice.org,#EnergyHires Virtual Job Fair / Career Expo Event #Indianapolis,Attend World's Largest Virtual Job Expo / Career Fair #EnergyHires #Indianapolis at https://wertual.tao.ai/pod/energyhires/jobfair,Indianapolis,-86.158068,39.768403,"Virtual Event Only, Indianapolis, IN"
177590667467,2022-05-16,18:30,destination_event,2022-05-16,20:00,29711685043,Monyardda Gibson,"Become a Home Base Travel Business Owner(Indianapolis, IN)","It's time to turn your ""Passion into a Paycheck""!",4140 W 94th St,-86.2314954,39.922868,"4140 West 94th Street, Indianapolis, IN 46268"
167318962521,2022-06-03,11:00,destination_event,2022-06-03,14:00,6165847909,AnalyticsWEEK,AnalyticsWeek Virtual Job Fair / Career Networking Event #Inidanapolis,AnalyticsWeek Virtual Job Fair / Career Networking Event at https://wertual.tao.ai/pod/analyticsweek/jobfair,Indianapolis,-86.158068,39.768403,"Virtual Event Only, Indianapolis, IN"
185708026707,2022-05-30,09:00,destination_event,2022-05-30,17:00,12695726318,Mangates,"Introduction To Software Test Automation 1 Day Training in Indianapolis, IN",Our classroom training provides you the opportunity to interact with instructors and benefit from face-to-face instruction.,"Regus - Indiana, Indianapolis - The Precedent",-86.1009742,39.9249343,"9465 Counselors Row Washington Township, Suite 200, Indianapolis, IN 46240"
190186562127,2022-05-30,09:00,destination_event,2022-05-30,17:00,12695726318,Mangates,"Leading Effective Teams 1 Day Training in Indianapolis, IN",Our classroom training provides you the opportunity to interact with instructors and benefit from face-to-face instruction.,"Regus - Indiana, Indianapolis - The Precedent",-86.10077419999999,39.9249883,"9465 Counselors Row Washington Township, Suite 200, Indianapolis, IN 46240"
180894770127,2022-05-30,09:00,destination_event,2022-05-30,17:00,12695726318,Mangates,"Writing a CV 1 Day Training in Indianapolis, IN",Our classroom training provides you the opportunity to interact with instructors and benefit from face-to-face instruction.,"Regus - Indiana, Indianapolis - The Precedent",-86.10077419999999,39.9249883,"9465 Counselors Row Washington Township, Suite 200, Indianapolis, IN 46240"
188354010917,2022-05-30,09:00,destination_event,2022-05-30,17:00,12695726318,Mangates,"Recruitment Skills 1 Day Training in Indianapolis, IN",Our classroom training provides you the opportunity to interact with instructors and benefit from face-to-face instruction.,"Regus - Indiana, Indianapolis - The Precedent",-86.10077419999999,39.9249883,"9465 Counselors Row Washington Township, Suite 200, Indianapolis, IN 46240"
135395488551,2022-06-03,11:00,destination_event,2022-06-03,14:00,30068395660,JobsOffice.org,#FlexibleHires Virtual Job Fair / Career Expo Event #Indianapolis,Attend World's Largest Virtual Job Expo / Career Fair #FlexibleHires #Indianapolis at https://wertual.tao.ai/pod/flexiblehires/jobfair,Indianapolis,-86.158068,39.768403,"Virtual Event Only, Indianapolis"
167020307235,2022-06-03,11:00,destination_event,2022-06-03,14:00,30068395660,JobsOffice.org,#VeteranWorks Virtual Job Fair / Career Expo #Veterans Event #Indianapolis,Attend World's Largest Virtual Job Expo/Career Fair #Veterans #Hiring Drive #Indianapolis at https://wertual.tao.ai/pod/veteranworks/jobfa,Indianapolis  ,-86.158068,39.768403,"Virtual Event Only, Indianapolis  , IN 46204"
170323493153,2022-06-03,11:00,destination_event,2022-06-03,14:00,8281910380,TAO.ai,Monthly #NonProfit Virtual JobExpo / Career Fair #Indianapolis,#NonProfits #JobFair: Monthly Virtual #NonProfits Career Fair #Indianapolis at https://nonprofits.club/wertual/jobfair,Indianapolis,-86.158068,39.768403,"Virtual Event only, Indianapolis, IN"
170356039500,2022-06-03,11:00,destination_event,2022-06-03,14:00,8281910380,TAO.ai,Monthly #USGov Virtual JobExpo / Career Fair #Indianapolis,#USGovClub #JobFair: Monthly Virtual #USGov Career Fair #Indianapolis at https://usgov.club/wertual/jobfair,Indianapolis,-86.158068,39.768403,"Virtual Event only, Indianapolis, IN"
166841636827,2022-06-03,11:00,destination_event,2022-06-03,14:00,8281910380,TAO.ai,#AnalyticsClub Virtual Job Fair / Career Expo Event #Indianapolis,Attend World's Largest Virtual Job Expo / Career Fair #AnalyticsClub #Hiring Drive #Indianapolis at https://analytics.club/we/jobfair,Virtual Event Only,-86.15737089999999,39.7713425,"Virtual Event Only, Indianapolis, IN 46204"
167511666905,2022-06-03,11:00,destination_event,2022-06-03,14:00,8281910380,TAO.ai,#Caimpus Virtual JobFair/Career Expo #College#University Event#Indianapolis,Attend World's Largest Virtual Job Expo / Career Fair #College #University #Indianapolis at https://caimpus.com/we/jobfair,Indianapolis,-86.158068,39.768403,"Virtual Event only, Indianapolis, IN"
180604000427,2022-06-06,09:00,destination_event,2022-06-06,17:00,12695726318,Mangates,"Human Resource Management 1 Day Training in Indianapolis, IN",Our classroom training provides you the opportunity to interact with instructors and benefit from face-to-face instruction.,"Regus - Indiana, Indianapolis - The Precedent",-86.1009742,39.9249343,"9465 Counselors Row Washington Township, Suite 200, Indianapolis, IN 46240"
191517161987,2022-06-06,10:00,destination_event,2022-06-06,17:00,13771746098,School of Glamology,Indianapolis |Non Invasive Body Sculpting Training| School of Glamology,"This course will teach you how to generate a six figure income, implementing 6 non invasive body sculpting and skin tightening techniques.","Regus - Indiana, Indianapolis - City Center",-86.159345,39.7702698,"201 North Illinois Street Mile Square, South Tower 16th Floor, Indianapolis, IN 46204"
192795004047,2022-06-04,07:30,destination_event,2022-06-05,16:00,16053449999,The North American Institute of Orthopedic Manual Therapy,"NAIOMT C-516 Cervical Spine I [Indianapolis, IN]2022",C-516 Cervical Spine I,Methodist Sports Medicine,-86.15188309999999,39.9330713,"200 Pennsylvania Pkwy. Suite 100, Indianapolis, IN 46280"
179677138157,2022-06-06,09:00,destination_event,2022-06-06,17:00,12695726318,Mangates,"Account Management 1 Day Training in Indianapolis, IN",Our classroom training provides you the opportunity to interact with instructors and benefit from face-to-face instruction.,"Regus - Indiana, Indianapolis - The Precedent",-86.1009742,39.9249343,"9465 Counselors Row Washington Township, Suite 200, Indianapolis, IN 46240"
177843814637,2022-06-06,09:00,destination_event,2022-06-06,17:00,12695726318,Mangates,"Essential Management Skills 1 Day Training in Indianapolis, IN",Our classroom training provides you the opportunity to interact with instructors and benefit from face-to-face instruction.,"Regus - Indiana, Indianapolis - The Precedent",-86.10077419999999,39.9249883,"9465 Counselors Row Washington Township, Suite 200, Indianapolis, IN 46240"
186629773677,2022-06-06,09:00,destination_event,2022-06-06,17:00,12695726318,Mangates,"Big Data Strategy 1 Day Training in Indianapolis, IN",Our classroom training provides you the opportunity to interact with instructors and benefit from face-to-face instruction.,"Regus - Indiana, Indianapolis - The Precedent",-86.10077419999999,39.9249883,"9465 Counselors Row Washington Township, Suite 200, Indianapolis, IN 46240"
179729765567,2022-06-06,09:00,destination_event,2022-06-06,17:00,12695726318,Mangates,"Software Testing Essentials 1 Day Training in Indianapolis, IN",Our classroom training provides you the opportunity to interact with instructors and benefit from face-to-face instruction.,"Regus - Indiana, Indianapolis - The Precedent",-86.10077419999999,39.9249883,"9465 Counselors Row Washington Township, Suite 200, Indianapolis, IN 46240"
190283050727,2022-06-06,09:00,destination_event,2022-06-06,17:00,12695726318,Mangates,"Stress Management 1 Day Training in Indianapolis, IN",Our classroom training provides you the opportunity to interact with instructors and benefit from face-to-face instruction.,"Regus - Indiana, Indianapolis - The Precedent",-86.10077419999999,39.9249883,"9465 Counselors Row Washington Township, Suite 200, Indianapolis, IN 46240"
191647301237,2022-06-08,09:00,destination_event,2022-06-08,17:00,12695726318,Mangates,"Employee Engagement 1 Day Training in Indianapolis, IN",Our classroom training provides you the opportunity to interact with instructors and benefit from face-to-face instruction.,"Regus - Indiana, Indianapolis - The Precedent",-86.1008598,39.924845,"9465 Counselors Row Washington Township, Suite 200 #7th floor, Indianapolis, IN 46240"
190978500837,2022-06-08,09:00,destination_event,2022-06-08,17:00,12695726318,Mangates,"Wellness 1 Day Training in Indianapolis, IN",Our classroom training provides you the opportunity to interact with instructors and benefit from face-to-face instruction.,"Regus - Indiana, Indianapolis - The Precedent",-86.10077419999999,39.9249883,"9465 Counselors Row Washington Township, Suite 200, Indianapolis, IN 46240"
189669294967,2022-06-08,09:00,destination_event,2022-06-08,17:00,12695726318,Mangates,"Conflict Management 1 Day Training in Indianapolis, IN",Our classroom training provides you the opportunity to interact with instructors and benefit from face-to-face instruction.,"Regus - Indiana, Indianapolis - The Precedent",-86.1009742,39.9249343,"9465 Counselors Row Washington Township, Suite 200, Indianapolis, IN 46240"
188069560117,2022-06-08,09:00,destination_event,2022-06-08,17:00,12695726318,Mangates,"Introduction To Web Of Things 1 Day Training in Indianapolis, IN",Our classroom training provides you the opportunity to interact with instructors and benefit from face-to-face instruction.,"Regus - Indiana, Indianapolis - The Precedent",-86.10077419999999,39.9249883,"9465 Counselors Row Washington Township, Suite 200, Indianapolis, IN 46240"
190134466307,2022-06-08,09:00,destination_event,2022-06-08,17:00,12695726318,Mangates,"Business Succession Planning 1 Day Training in Indianapolis, IN",Our classroom training provides you the opportunity to interact with instructors and benefit from face-to-face instruction.,"Regus - Indiana, Indianapolis - The Precedent",-86.10077419999999,39.9249883,"9465 Counselors Row Washington Township, Suite 200, Indianapolis, IN 46240"
188231364077,2022-06-13,09:00,destination_event,2022-06-13,17:00,12695726318,Mangates,"Communication Strategies 1 Day Training in Indianapolis, IN",Our classroom training provides you the opportunity to interact with instructors and benefit from face-to-face instruction.,"Regus - Indiana, Indianapolis - The Precedent",-86.1009742,39.9249343,"9465 Counselors Row Washington Township, Suite 200, Indianapolis, IN 46240"
163506844373,2022-05-17,11:00,destination_event,2022-05-17,12:00,2436102176,IrisReading.com,Time Management: How To Avoid Wasting Time- Irvine,Learn the time management techniques of top executives and how to get more out of your day.,(ONLINE EVENT),-86.198138,39.97563299999999,",, Irvine, CA 92602"
167486022201,2022-06-11,14:00,destination_event,2022-06-11,17:00,21659065542,Jim and Lois Wyant,Beyond the Basics:  Advanced Lighting Workshop,A 3 Hour “Hands-On” ClassWe recommend you take our flagship class~ '7 Steps To better Photography' ~before any of our advanced classes!,2550 Hadley Grove S Dr,-86.20566439999999,39.9777038,"2550 Hadley Grove South Drive, Carmel, IN 46074"
102307277822,2022-05-18,14:00,destination_event,2022-05-18,14:30,2436102176,IrisReading.com,How To Improve Your Focus and Limit Distractions - Indianapolis,"Learn how to sharpen your focus so you can get more done! This class is ideal for students, professionals and lifelong learners.",ONLINE,-86.2767995,39.9831886,",, Indianapolis, IN 46077"
77879970087,2022-07-23,10:00,destination_event,2022-07-23,14:00,18250623299,Shalom Health Care Center,Shalom Dr. Dannee Neal Back-To-School Health Fair,Shalom Health Care Center is holding its 14th Annual Dr. Dannee Neal Back-To-School Health Fair!,Shalom Health Care Center,-86.22970069999997,39.8176074,"3400 Lafayette Road Suite 200, Indianapolis, IN 46222"
167486704241,2022-06-11,09:00,destination_event,2022-06-11,13:00,21659065542,Jim and Lois Wyant,7 Steps to Better Photography - The Crash Course July 11,“Give me just 4 hours of your time and I’ll improve your photography skills beyond what you could have ever imagined,Wyant Photography,-86.20566439999999,39.9777038,"2550 Hadley Grove South Drive, Carmel, IN 46074"
100698870031,2022-05-17,14:00,destination_event,2022-05-17,15:00,2436102176,IrisReading.com,Speed Reading Class - Indianapolis,"Learn speed-reading techniques and how to improve comprehension. This class is ideal for students, professionals and lifelong learners.",(ONLINE EVENT),-86.2767995,39.9831886,",, Indianapolis, IN 46077"
158435170861,2022-06-04,10:00,destination_event,2022-06-04,14:00,20100935449,Hand Stamped by Cheryl,IN Stampers Annual Retired Sale,Come shop retired Stampin' Up! products!,Delaware Township Community Center,-86.00928970000001,39.9802812,"9094 East 131st Street, Fishers, IN 46038"
159033749225,2022-06-24,12:00,destination_event,2022-06-26,15:00,9597481362,Prolove Ministries & Cornerstone Marketing ,7th Annual Pro-Life Women's Conference,NO REFUNDS for this event.  This is an annual event for Women by Women.  Uniting us together for one cause.,Embassy Suites by Hilton Plainfield Indianapolis Airport,-86.364631,39.674544,"6089 Clarks Creek Road, Plainfield, IN 46168"
169233888115,2022-05-27,09:00,destination_event,2022-05-27,17:00,23233802072,VistaEdutech,"Project Management Techniques Training in Indianapolis, IN",VistaEdutech brings you Project Management Techniques.,Business Centre /Meeting Room,-86.27679949999998,39.9831886,"Indianapolis, IN, IN 46077"
169289662939,2022-05-27,09:00,destination_event,2022-05-27,17:00,23233802072,VistaEdutech,"Agile & Scrum Classroom Training in Indianapolis, IN",Welcome to Vistaedutech! We thank you for visiting Vistaedutech Agile and Scrum training page.,Business Centre /Meeting Room,-86.27679949999998,39.9831886,"Indianapolis, IN, IN 46077"
168385857633,2022-05-27,09:00,destination_event,2022-05-27,17:00,23233802072,VistaEdutech,"Conflict Management Classroom Training in Indianapolis, IN",Welcome to Vistaedutech! We thank you for visiting Vistaedutech Conflict Management training page.,Business Centre /Meeting Room,-86.27679949999998,39.9831886,"Indianapolis, IN, IN 46077"
170097222371,2022-05-27,09:00,destination_event,2022-05-27,17:00,18449909606,Educera INC,"Change Management Classroom Training in Indianapolis, IN",Welcome to Educera! We thank you for visiting Educera Change Management training page.,Regus Business Centre,-86.27679949999998,39.9831886,"Indianapolis, IN, IN 46077"
169933207799,2022-05-27,09:00,destination_event,2022-05-27,17:00,18449909606,Educera INC,"Conflict Management Classroom Training in Indianapolis, IN",Welcome to Educera! We thank you for visiting Educera Conflict Management training page.,Regus Business Centre,-86.27679949999998,39.9831886,"Indianapolis, IN, IN 46077"
168915909031,2022-05-27,09:00,destination_event,2022-05-27,17:00,23233802072,VistaEdutech,"Change Management Classroom Training in Indianapolis, IN",Welcome to Vistaedutech! We thank you for visiting Vistaedutech Change Management training page.,Business Centre /Meeting Room,-86.27679949999998,39.9831886,"Indianapolis, IN, IN 46077"
168683552045,2022-05-27,09:00,destination_event,2022-05-27,17:00,23233802072,VistaEdutech,"Business Case Writing Classroom Training in Indianapolis, IN",Welcome to Vistaedutech! We thank you for visiting Vistaedutech Business Case Writing training page.,Business Centre /Meeting Room,-86.27679949999998,39.9831886," Indianapolis, IN, IN 46077"
169575588149,2022-05-19,09:00,destination_event,2022-05-20,01:00,23233802072,VistaEdutech,"ITIL Foundation Certification Training in Indianapolis, IN",Vistaedutech ITIL® Foundation Exam Prep is designed and developed by the global panel of ITIL®,Business Centre /Meeting Room,-86.27679949999998,39.9831886,"Indianapolis, IN, IN 46077"
167485669145,2022-07-09,14:00,destination_event,2022-07-09,17:00,21659065542,Jim and Lois Wyant,Beyond the Basics: The Artsy Stuff!  A 3 Hour Journey of Photo Expression!,We recommend you take our flagship class~ '7 Steps To better Photography' ~before any of our advanced classes!This 3-hour class is “hand,2550 Hadley Grove S Dr,-86.20566439999999,39.9777038,"2550 Hadley Grove South Drive, Carmel, IN 46074"
167930196739,2022-05-20,10:00,destination_event,2022-05-20,13:00,17720376372,Sigma: Lambda Epsilon Chapter,Joy's House Gardening Part 2,Help us plant flowers and bushes and mulch to beautify Joy's garden for guests!,Joy's House at UIndy,-86.1312077,39.70633840000001,"1615 Castle Avenue, Indianapolis, IN 46227"
158770662325,2022-06-03,18:00,destination_event,2022-06-05,18:00,33401874809,D'Andre Davis,NGT 2022,National GearUp Tournament Admission Tickets,Warren Central High School,-85.9989475,39.7921735,"9500 East 16th Street, Indianapolis, IN 46229"
169526974745,2022-06-23,18:00,destination_event,2022-06-23,21:00,7846401006,A Cut Above Catering | Classes | Events,Barbecue & Bourbon - Instructional Cooking Class,A salute to all the Dads out there - this cooking class will focus two of dad's favorite things: Barbecue & Bourbon,A Cut Above | Catering | Classes | Events,-86.1463395,39.9769745,"12955 Old Meridian Street #UNIT 104, Carmel, IN 46032"
172895082847,2022-07-28,18:00,destination_event,2022-07-28,21:00,34670958643,,Posh Wedding Planning Event July 2022,"Every product, service and vendor you need to plan your perfect wedding... all in one place, all in one day.",502 East Event Centre,-86.117897,39.96349139999999,"502 East Carmel Drive, Carmel, IN 46032"
169527279657,2022-07-21,18:00,destination_event,2022-07-21,21:00,7846401006,A Cut Above Catering | Classes | Events,Summertime in Paris - Instructional Cooking Class,Explore one of the most developed and widespread culinary traditions - French cuisine - PERFECT for Couples!,A Cut Above | Catering | Classes | Events,-86.1463395,39.9769745,"12955 Old Meridian Street #UNIT 104, Carmel, IN 46032"
86240091435,2022-06-24,18:30,destination_event,2022-06-24,23:59,12367497689,OutCare Health,OutCare's 1st Annual Gala: A Night Out,"OutCare’s 1st Annual “A Night Out” Gala is a celebration of the strides we have made in improving LGBTQ healthcare nationwide. We are coming together with our dearest colleagues, supporters, and friends to increase awareness, provide a state of the union of LGBTQ healthcare, talk about the future of OutCare, give out some amazing awards, and have a lot of fun. The evening will end with performances by Monét X Change and local Indiana queens. Your support and attendance will spearhead OutCare’s g",INDUSTRY,-86.1699845,39.75941570000001,"545 Kentucky Avenue, Indianapolis, IN 46225"
158772634223,2022-06-26,16:45,destination_event,2022-06-26,20:00,27212012971,Tiffany Pascoe,Fishers One Spark! Parade 2022,We welcome you & your family to walk with Fishers One in the Fishers Spark! Parade on June 26th‼️,Fishers,-86.00907099999999,39.965047,"Visionary Way at Marshalling Yard, Fishers, IN 46038"
166558235165,2022-06-15,08:00,destination_event,2022-06-16,16:00,23460133378,Indiana Association of School Nurses,"Moving Forward with Courage and Compassion June 15 & 16,  2022 ATTENDEE",IASN  annual conference for school nurses.,Embassy Suites by Hilton Noblesville Indianapolis Conference Center,-85.92041919999997,39.9921291,"13700 Conference Drive, Noblesville, IN 46060"
163049668949,2022-06-15,08:00,destination_event,2022-06-16,16:00,23460133378,Indiana Association of School Nurses,"Moving  Forward with Courage and Compassion June15 and16,  2021 -VENDOR","Vendor Registration for the Indiana Association of School Nurse annual conference November 17, 2021 and November 18, 2021.",Embassy Suites by Hilton Noblesville Indianapolis Conference Center,-85.92041919999997,39.9921291,"13700 Conference Drive, Noblesville, IN 46060"
166091268455,2022-05-17,19:00,destination_event,2022-05-17,20:00,33993024089,East Central IN CASA,East Central Indiana CASA Volunteer Informational Meetings,"Think you might be interested in volunteering and want more information? Attend one of our free, no obligation meetings to learn more.",3538 Mounds Rd,-85.62931200000001,40.09083199999999,"3538 Mounds Road, Anderson, IN 46017"
170421104110,2022-05-19,09:00,destination_event,2022-05-20,01:00,18449909606,Educera INC,"ITIL Foundation Certification Training in Bloomington, IN",Educera's ITIL® Foundation Exam Prep is designed and developed by the global panel of ITIL®,Business Centre,-86.52638569999999,39.165325,"Bloomington, IN 47401"
164051092233,2022-05-19,09:00,destination_event,2022-05-19,10:30,34007720247,,Networking Today Intl - Bloomington Indiana Weekly Meeting,Networking Today Intl is a national networking organization.  Visitors are welcome to try  3 meetings for free to see what NTI is about.,Crazy Horse,-86.53569949999999,39.1668794,"214 West Kirkwood Avenue, Bloomington, IN 47404"
163075263503,2022-06-12,16:00,destination_event,2022-06-12,18:00,28780848481,One World at Woolery Mill,One World Catering - Tastings 2021/2022,One World Catering - Tastings,Woolery Mill,-86.5596395,39.1386872,"2250 W Sunstone Drive, Bloomington, IN 47403"
164750570391,2022-08-07,08:00,destination_event,2022-08-07,12:00,16851187343,Muddy Princess Corporation,"Muddy Princess Indianapolis, IN",Muddy Princess is an outdoor 5km (3.1 mile) obstacle mud run for women - and women ONLY!,Wildcat Creek MX,-86.659201,40.458238,"6390 South Wildwood Road, Rossville, IN 46065"
189576968817,2022-05-24,09:00,destination_event,2022-05-27,17:00,18449909606,Educera INC,"Copy of Devops Classroom Training in Lafayette, IN",Welcome to Educera! We thank you for visiting Educera Devops training page.,"Lafayette, IN",-86.9270677,40.4233916,"Regus Business Center, Lafayette, IN, IN 47901"
165359230911,2022-05-21,07:00,destination_event,2022-05-21,19:00,28426712763,VIP*NCCC,Career Event for Purdue Students,"Disaster Response Training- Students, New Graduates",Virtual Event,-86.9261008,40.4401775,"., West Lafayette, IN 47907"
166957818329,2022-05-16,19:45,destination_event,2022-05-16,20:30,23406223633,HC2 Instructors,Vinyasa Yoga with Jess,"Vinyasa is a style of yoga characterized by stringing postures together so that you move from one to another, seamlessly, using breath.",Hartford City Health Club,-85.37236779999999,40.4654502,"1760 N Independence Parkway, Hartford City, IN 47348"
166939050193,2022-06-18,13:00,destination_event,2022-06-18,15:00,31264575715,Oak Heritage Conservancy,Monthly Nature Journal Guild Time - June 18,"Let's spend time together to strengthen our connections to nature hiking, journaling, and reflecting on our experiences.  All ages welcome.",Tribbett's Woods Nature Preserve,-85.729477,38.876547,"750 S, Commiskey, IN 47227"
158158457203,2022-06-30,17:30,destination_event,2022-06-30,18:30,28092223615,Cass County IN Democrats ,Drinking Liberally:  A Social Hour for the Socially Conscious,"Open to all ages. Stop in and join us for conversation, arcades, and a beverage. Casual and inclusive. Beer, wine, and nonalcoholic options.",422 E Broadway,-86.3648655,40.75442839999999,"422 East Broadway, Logansport, IN 46947"
156816513413,2022-06-09,12:00,destination_event,2022-06-12,17:00,13456022395,Steve Hannon,Geek Out 2022,The Nation's Only Music Festival & Pop Culture Convention Experience,Hannon's Camp America,-84.78522599999997,39.5897858,"8501 Camden College Corner Road, College Corner, OH 45003"
148763757403,2022-05-28,12:00,destination_event,2022-05-29,19:00,11200802594,Hippie Fest,"Hippie Fest - Sullivan, IN",Hippie Fest is a grassroots festival featuring vibrant entertainment for all ages. It's groovy baby!,Thunder Valley Entertainment,-87.290303,39.0907303,"6741 East County Road 50 North, Sullivan, IN 47882"
133859759143,2022-05-12,12:00,destination_event,2022-05-15,12:00,17578788144,LIVEstock Music Festival,LIVEstock Music Festival,"Celebration of Life, Love, and Music",Black Swan Lake,-86.2010576,38.8955997,"8705 W. County Rd. 150 N., Medora, IN 47260"
154596202403,2022-07-01,17:00,destination_event,2022-07-02,20:00,29594083555,Maria Flaherty,Lewisburg Comic Con,Comic-Con event in Lewisburg Ohio.,Lewisburg,-84.5411189,39.8463453,"Joy and Whimsy Depot and Community Center, Lewisburg, OH 45338"
170385190692,2022-06-11,15:00,destination_event,2022-06-11,17:00,31785595501,"Nu Phi Chapter - Gamma Phi Delta Sorority, Inc.","Gamma Phi Delta Sorority, Inc. - Nu Phi Chapter Youth Auxiliary",Are you running out of safe activities to do with  your child on the weekend?,North Central Public Library,-84.56498409999999,39.2813396,"11109 Hamilton Avenue, Cincinnati, OH 45231"
168673397673,2022-05-21,09:00,destination_event,2022-05-22,17:00,122914420,FPF Training,"Street Encounter Skills and Tactics, Cincinnati, OH","To be successful and effective in their own self-defense, citizens need a wide variety of skills beyond just shooting.",Ziegler Firearms,-84.5539684,39.29636170000001,"11680 Dutchess Lane, Cincinnati, OH 45240"
167095722805,2022-06-03,11:00,destination_event,2022-06-03,14:00,30068395660,JobsOffice.org,#DiversityHire Virtual Job Fair / Career Expo #Diversity Event#Indianapolis,Attend World's Largest Virtual Job Expo / Career Fair #Diversity Drive #Indianapolis at https://wertual.tao.ai/pod/diversityhire/jobfair,Indianapolis ,-86.158068,39.768403,"Virtual Event Only, Indianapolis , IN 46204"
169213639551,2022-05-17,18:00,destination_event,2022-05-17,19:30,30281646036,k smith,Conquer Your Fear of Public Speaking -Indianapolis -Online Free Trial Class,"Overcome public speaking fear with gradual exposure, in a supportive environment. Observe a free trial to see if it's right for you.",Indianapolis,-86.27987309999999,39.7360227,"Indianapolis, Indianapolis, IN 46204"
170045900867,2022-05-16,20:00,destination_event,2022-05-16,20:30,32741043143,Jean Renae Harris,Become a Home-Based Travel Advisor - NO EXPERIENCE NECESSARY (INDIANAPOLIS),Let Your Passion Produce Paychecks and Generational Wealth!!!,HOMEWOOD SUITES BY HILTON INDIANAPOLIS NW,-86.2314954,39.922868,"4140 West 94th Street, Indianapolis, IN 46268"
163893767671,2022-05-18,11:00,destination_event,2022-05-18,12:00,31247541303,Lakshman Singh,"Sales, Marketing, Customer Acquisition & Retention Strategies for Startup","Join This Sales, Marketing, Customer Acquisition & Retention Strategies Program for Startup Business Today !",Indianapolis,-86.158068,39.768403,"Online (Virtual), Indianapolis, IN 46077"
149027416013,2022-05-21,12:00,destination_event,2022-05-21,13:00,31226845439,Lakshman Singh,Startups Fund Raising Program,Join This Startup Business Fund Raising Event Today !,Indianapolis,-86.1700894,39.7794767,"Virtual (Online), Indianapolis, IN 46202"
190314504807,2022-05-30,09:00,destination_event,2022-05-30,17:00,12695726318,Mangates,"Emotional Intelligence 1 Day Training in Indianapolis, IN",Our classroom training provides you the opportunity to interact with instructors and benefit from face-to-face instruction.,"Regus - Indiana, Indianapolis - The Precedent",-86.1009742,39.9249343,"9465 Counselors Row Washington Township, Suite 200, Indianapolis, IN 46240"
167016624219,2022-06-03,11:00,destination_event,2022-06-03,14:00,30068395660,JobsOffice.org,#ProjectCovid Virtual Job Fair / Career Expo Event #Indianapolis,Attend World's Largest Virtual Job Expo / Career Fair #Covid19 impacted workforce #Indianapolisat https://projectcovid.org/we/jobfair,Indianapolis,-86.158068,39.768403,"Virtual Event Only, Indianapolis, IN 46204"
190956073757,2022-05-20,09:00,destination_event,2022-05-20,17:00,12695726318,Mangates,"Cyber Security Overview 1 Day Training in Indianapolis, IN",Our classroom training provides you the opportunity to interact with instructors and benefit from face-to-face instruction.,"Regus - Indiana, Indianapolis - The Precedent",-86.10077419999999,39.9249883,"9465 Counselors Row Washington Township, Suite 200, Indianapolis, IN 46240"
147885705125,2022-05-21,12:00,destination_event,2022-05-21,14:00,32904201311,Armand Dixon,Weekly Bible Class,We believe and teach the ENTIRE bible from Genesis to Revelations. We consider ourselves bible christians who believe in Jesus Christ,4713 Shadeland Ave,-86.04564769999999,39.84265509999999,"4713 Shadeland Avenue, Indianapolis, IN 46226"
166825400263,2022-06-03,11:00,destination_event,2022-06-03,14:00,6165847909,AnalyticsWEEK,#Data #FirstFridayFair Virtual Job Fair / Career Expo Event #Indianapolis,Attend World's Largest Virtual Job Expo / Career Fair #FirstFridayFair at https://fff.analyticsweek.com/jobexpo,Virtual Event [Online Only],-86.15737089999999,39.7713425,"Virtual Event Only, Indianapolis, IN 46204"
146604398703,2022-05-27,09:00,destination_event,2022-05-27,17:00,32651446325,Instil-Learning,"Change Management certification Training In Indianapolis, IN",Change Management Certification Training by Industry Experts,"Indianapolis, IN",-86.15047349999999,39.9283129,"Regus Business Centre/Hotel, Indianapolis, IN 46077"
147582275559,2022-05-24,09:00,destination_event,2022-05-24,17:00,32651446325,Instil-Learning,"PMP Certification Training In Indianapolis, IN",Project Management Professional (PMP) Certification Training,"Indianapolis, IN",-86.15047349999999,39.9283129,"Regus Business Centre/Hotel, Indianapolis, IN 46077"
160913880749,2022-06-01,12:00,destination_event,2022-06-01,17:00,4782552149,Cosmetic Medical Training,Monthly Botox & Dermal Filler Training Certification - Indianapolis,"Our Indianapolis, Indiana Trainer will come to your office to train you on how to inject Botox® and Dermal Fillers during any day this month",Indianapolis,-86.1539152,39.9315131,"201 Pennsylvania Pkw, Indianapolis, IN 46280"
146737841835,2022-05-26,09:00,destination_event,2022-05-26,17:00,32651446325,Instil-Learning,"CSM (Certified Scrum Master) certification Training In Indianapolis, IN",CSM (Certified ScrumMaster) Certification Training - Become an exceptional Scrum Master with real-time Scrum activities and simulations,"Indianapolis, IN",-86.15047349999999,39.9283129,"Regus Business Centre/Hotel, Indianapolis, IN 46077"
179723356397,2022-05-20,09:00,destination_event,2022-05-20,17:00,12695726318,Mangates,"Event Planning 1 Day Training in Indianapolis, IN",Our classroom training provides you the opportunity to interact with instructors and benefit from face-to-face instruction.,"Regus - Indiana, Indianapolis - The Precedent",-86.1009742,39.9249343,"9465 Counselors Row Washington Township, Suite 200, Indianapolis, IN 46240"
177965699197,2022-05-20,09:00,destination_event,2022-05-20,17:00,12695726318,Mangates,"Risk Assessment 1 Day Training in Indianapolis, IN",Our classroom training provides you the opportunity to interact with instructors and benefit from face-to-face instruction.,"Regus - Indiana, Indianapolis - The Precedent",-86.10077419999999,39.9249883,"9465 Counselors Row Washington Township, Suite 200, Indianapolis, IN 46240"
144638486607,2022-05-27,09:00,destination_event,2022-05-27,17:00,32651446325,Instil-Learning,"Conflict Management Certification Training in Indianapolis, IN",Conflict Management Training By Industry Expert,"Indianapolis, IN",-86.10166989999999,39.9173071,"Regus Business Centre/Hotel, Indianapolis, IN 46077"
166958574591,2022-06-03,11:00,destination_event,2022-06-03,14:00,8281910380,TAO.ai,#Qampus Virtual Job Fair/Career Expo #College#University Event#Indianapolis,Attend World's Largest Virtual Job Expo / Career Fair #College #University #Indianapolis at https://qampus.co/we/jobfair,Virtual Event Only,-86.15737089999999,39.7713425,"Virtual Event Only, Indianapolis, IN 46204"
163623180337,2022-05-24,09:00,destination_event,2022-05-24,17:00,33691800179,IcertPlanner LLC,"CAPM Certification Training in Indianapolis, in",CAPM 4 Days Certification Training,"Indianapolis, IN",-86.1586119,39.7696748,"Business Center\Hotel, Indianapolis, IN, IN 46209"
170543494182,2022-05-17,13:00,destination_event,2022-05-17,14:00,32868299747,Happily Ever After Relationship Coaching,Love Your Relationship Again - Painlessly - Indianapolis,I can help YOU reconnect to the love you once shared with your partner...even if they don't want to put the work in.,Indianapolis,-86.158068,39.768403,"Virtual via Zoom, Indianapolis, IN 46077"
